{"loss": 9.197013808098664, "_timestamp": 1689248807.189433, "_runtime": 29.41424798965454, "_step": 1980}