{"loss": 8.445813175560463, "_timestamp": 1689248882.80432, "_runtime": 26.304445028305054, "_step": 1980}